Feature 1,Feature 2,True Anomaly,LOF_Score,IF_Score
1.6789039263416061,1.301808062594439,Normal,1.4113978958263242,0.5695826956444225
-0.058930630528781454,-0.11692129996754054,Normal,0.9859209429463938,0.37832516356189294
-0.2752761359568041,-0.6322293498970527,Normal,1.031424054023795,0.3956613178955597
0.47470746124350527,-1.3771009892257344,Normal,1.0260957676674693,0.4584465439019396
-0.459261245825942,-0.0044659865765918775,Normal,0.98618219086057,0.38799950980927406
1.5186349741742096,0.7588330005117974,Normal,1.108241189834974,0.5010747678783007
-1.4574156147230233,0.038867377467759937,Normal,1.0910736021230119,0.45343070592102575
-0.9299290513789273,-0.5649257323337917,Normal,1.0555474919772467,0.41841124744425034
-0.5609008025372235,0.19371141561799152,Normal,0.9835516582674636,0.39016220687976955
0.9991485774961536,-0.8060445517652298,Normal,1.061691777824949,0.43661375104527433
0.19320580331049977,-0.31249613101280566,Normal,0.9897019321477035,0.3851762068561674
-0.1781231146514454,-0.8363839341245094,Normal,0.979734840575345,0.3997807680589801
0.33936799053999145,0.10000792984036831,Normal,1.0015258562119338,0.3867595538721826
-0.2128008883221149,0.36345250331195394,Normal,1.011843313886929,0.3904474831176229
0.010506628572993492,0.47396990928096805,Normal,1.0009539639261988,0.38405305356396724
-0.14894696212814434,0.16471713750555822,Normal,0.993223064899038,0.3806766849679196
0.9823713099669101,-1.7767166376642765,Normal,1.3070234145523885,0.5421344316643179
0.05426458044850136,-0.10713991183701399,Normal,0.9917923372163221,0.38283927545210217
0.79126729264504,1.852115165236414,Normal,1.2043929342536024,0.5543977531464321
0.2902310974008278,0.6172276222646573,Normal,1.0047832556811813,0.40247577539197016
-0.6393215671389617,-0.5012665153569493,Normal,0.9926820986596987,0.40564973260549547
-0.0672777576995601,1.2383649892077853,Normal,1.0115830668882724,0.45533632894655585
0.5235524219609322,-0.459745715251261,Normal,1.0024783258474415,0.40166670221248296
-0.021836601333062387,-0.4936537378220762,Normal,1.0028343868938845,0.39012378063323777
1.3567244861189833,-0.47855899515224204,Normal,1.0644313086192485,0.4513110891697175
0.660878235514181,0.28896826543256454,Normal,0.9829299153220887,0.393706364145755
1.223807581592377,0.29874068952978017,Normal,0.9897229076645507,0.43359992565705774
-0.48815568469069526,-0.12120956575113111,Normal,1.0222482868330354,0.3905436218378128
0.19987558484715715,0.5606171592217206,Normal,1.0015432503391157,0.39990071634443786
-0.5551733590343438,0.39932527162732756,Normal,1.0217344687185115,0.39588296523379024
2.1171845529504907,-0.06197399128429289,Normal,1.3115179736174012,0.5628999999154336
0.5123824503464431,0.6585324154376728,Normal,1.057599492115869,0.40755643739568465
-0.91739219704023,0.7376008089324642,Normal,1.0805150167317763,0.44768779751957993
-0.7297015361589617,-1.253164622773692,Normal,0.9809403013678306,0.4515799290075894
0.5340006727653009,-1.0174130403769108,Normal,1.0426942256679899,0.4321425495262881
1.0987137362856354,0.41201176664543654,Normal,0.9835464282501103,0.4244079641014536
0.8040661517528035,-0.5196722362057172,Normal,0.9707581105730482,0.42083936104835656
0.20638737713080604,-0.44350496954540974,Normal,0.9808250268787747,0.39453093336014644
0.7004302593841357,0.16900799786391565,Normal,0.9781934952788098,0.3927934548476765
-0.5751928820711727,-0.01148603262216757,Normal,0.9795922028402091,0.38715461545721214
0.08442134571931513,-0.8962582779906554,Normal,1.041902454526004,0.402886273338209
-0.2014045641430368,-1.0939967934806167,Normal,1.043863262944068,0.42911365263438894
-0.31376711904840254,-0.8965726152425287,Normal,0.9740158114352114,0.408130996632411
-0.6074816316212484,-0.35279248727925777,Normal,0.9941694198220723,0.3948964269568834
-0.044061682772974155,-0.6335140482497387,Normal,0.9994180924593066,0.38655724582596956
-0.17453581066242455,-0.9419847327742247,Normal,0.995187959405267,0.4128888137599455
-0.2609688781361034,-0.5059908034308852,Normal,1.0559653848306891,0.39323139183068284
-0.5971917492567785,0.1475343694357678,Normal,0.9676533899855843,0.388481764716835
-1.4745661345845695,-0.07092596914496996,Normal,1.044946028902885,0.45542188599722216
-0.8316746670797281,-1.2214413062566325,Normal,0.9779450015880465,0.45037215614335047
-1.8256118018243885,-0.9201497042660993,Normal,1.2486435660208313,0.5344138722433978
-0.11268078859333738,0.07873331276025633,Normal,0.982697248419643,0.3818893480053905
-0.7946852889121733,0.2694567093289052,Normal,0.9814799275916407,0.40433448737447114
0.4455601283691045,2.2419749142314394,Anomaly,1.3023688743594701,0.5660340177001405
0.2964380400896741,0.5132621933059258,Normal,0.998880778464273,0.3953483544313564
-0.28928102015337503,0.17348412906420815,Normal,1.0085839973768844,0.38475443003138654
-0.3760446015885014,-0.7546671446372153,Normal,0.9797369139764056,0.4028044037364601
0.29318480259526164,-0.5132701801737334,Normal,0.9971043880806307,0.397306500174349
0.943322587031064,-0.6377706800558891,Normal,1.0029148338184757,0.42701820389767114
0.940037348621417,-0.23705618039710838,Normal,0.9950949932205215,0.41393924104373425
-0.15111837756254617,0.25414440746690603,Normal,0.9776737539682593,0.38087311824204434
1.1805667348142959,-0.5263087918832522,Normal,1.0299772597499346,0.4408136029889095
-0.9781291054141406,0.3219112473387667,Normal,0.9782554219621715,0.4203141543444964
0.19289739566523695,-0.7747313646849152,Normal,1.0101194687310928,0.3991835194191203
-0.24605789278724965,0.0652397119990239,Normal,1.013908415906419,0.38033575246849566
-0.46392783856594194,1.0590174066612597,Normal,1.0440478434346478,0.44648987826846903
0.387266449503694,-0.8881949173918597,Normal,1.0792938827041494,0.41182597873760046
-0.08984195001035733,1.0803729349546107,Normal,0.994539228238777,0.4344612689750278
0.22617163596032366,-0.6283032707793648,Normal,0.9825215938289673,0.3880601494508308
0.45059398294280717,0.39563761018095406,Normal,1.010851835673953,0.3877723565336189
1.3234138972074514,-0.3098286962246243,Normal,1.0355246982068818,0.4433050324602651
0.38175006885195817,-0.4075847854486702,Normal,1.0074128389095836,0.4000444268687029
0.5483599010347442,0.02820107400763713,Normal,1.0080644633136575,0.3908579305241166
-0.4957687104745704,-0.8761212946262946,Normal,1.028400252600983,0.4110076538937622
0.4185949242968477,-0.4914395287779928,Normal,1.0185086023535117,0.4061381416123795
0.02650326161511317,-0.6571946314806743,Normal,0.9883240188026733,0.385775726033836
-0.5009892245076797,-1.0098272784691662,Normal,1.0774633918861822,0.42490797490318855
0.7997965287651722,0.7963480265229866,Normal,1.1125787203824418,0.4374036770233615
0.5248418836793254,0.24762470938973735,Normal,0.9660647093413459,0.38536891688839925
-0.6399845598039039,-0.4986617270847692,Normal,0.9926820986596987,0.4067490477288296
-0.39505816398662147,-0.7843629622910002,Normal,0.9724636013121926,0.40227147058516305
-0.8723852509125453,-1.1964229176409757,Normal,0.9843416468019891,0.4513331967146666
0.0678312781170633,-0.40470103438845684,Normal,1.0003652730609758,0.3847639439226589
-0.18095638353799498,0.8856879384870671,Normal,0.9822545492759843,0.42711901109384837
-0.6158074563370993,-0.5562253258889593,Normal,0.9976858784652579,0.4022674389188002
-0.45613316415295424,-0.1977218122828221,Normal,1.044997693579432,0.39265360471155203
0.25830841890500544,0.410794463608578,Normal,0.9997030977251811,0.38931666167836015
-0.6355465422425928,1.3178651560545143,Normal,1.058329610431131,0.4859303291975707
0.29055459811217066,0.8477604576184061,Normal,1.0256688591591065,0.41915700289404334
-0.29896990421108754,-1.1128800694101013,Normal,1.1414816622797945,0.43079429360945193
-1.3210701209032194,-1.8775582473880044,Normal,1.279850840751919,0.5865449919485586
-0.2259105150796081,0.008377331506694941,Normal,1.0113119009123506,0.383028456960938
1.1700970844104477,-0.2911264996356765,Normal,1.0139561040305203,0.43839550355896995
-0.5407283385295062,-0.1823831682623327,Normal,1.0074633964737245,0.3960368032553744
-1.3785062627528766,0.989458116103415,Normal,1.1064289758401529,0.5064028386903087
0.6202464601167441,-1.0912191031434573,Normal,1.0260939937644227,0.446525591142087
-0.6403420368213331,-0.07147777483708025,Normal,0.9887178858061672,0.39851871287325136
-1.2864409348822754,-0.7349994000866628,Normal,1.0378003786097345,0.46149669489064865
-0.5636762698267471,-0.2778157680571017,Normal,1.0015188906235144,0.39443144958925186
0.22596607844059946,1.127082659323924,Normal,1.013591697236692,0.4406153252528682
-0.1645025909956214,0.1147606066633812,Normal,0.9979353430420307,0.379987124659689
-0.6946065228977346,0.43684742165224394,Normal,1.0166099060336846,0.4132991581359984
-0.06524686356480523,-0.6949462217387956,Normal,0.9923838630859892,0.3894887596737176
1.2354710191434182,1.50342743760025,Normal,1.2449657899240416,0.53830626030556
-0.6812872376820922,0.06246332735102326,Normal,0.9899625347213424,0.3934174809911991
0.05929043566792335,0.28637065398443995,Normal,0.9954806282933516,0.38004279286527404
-1.6825432423985978,-0.39222658155494816,Normal,1.0693971305947112,0.5029104884145179
-1.7235653022565494,-0.1309078043765292,Normal,1.0966967954522118,0.49700577788915035
-0.2766637160787301,0.18579435712843875,Normal,1.0114942313079627,0.38653926852455794
-0.0008425910312790731,-0.48128557912786457,Normal,1.0061669320860949,0.3874823405141243
-0.11365646768583007,1.1484763221742462,Normal,1.0026067078206666,0.44660364719368106
3.0045176483655323,3.2329394620828635,Anomaly,1.097286414653796,0.6747056567377759
-1.6038224170465696,1.0933184195174974,Normal,1.1947957368460398,0.5487614675323212
-0.5521824695535917,-0.034936336351639695,Normal,0.9831408599001907,0.3902166045754753
0.8940824863223241,0.4950092390736211,Normal,1.0549084956705026,0.42256868756117566
0.2304143104721706,-0.8653076517520243,Normal,1.063603765674222,0.40453183128223125
0.025028535889475574,1.4494237252683793,Normal,1.1076905213213988,0.4848868721498689
0.7029108222595424,-0.6468161853981071,Normal,0.9823404771936106,0.413074667723728
0.7326414194038539,0.41416774058802597,Normal,1.0259299412829481,0.3995513722285548
-0.062069302974151745,0.2908307897393913,Normal,0.9768619023905936,0.37983737833791625
-0.3325225760542736,-1.3664863296987138,Normal,1.1575953535411474,0.45055114003881225
-0.6172421818936742,-0.08861035390698249,Normal,0.9839347288449135,0.39578286054561246
-0.4500766646681338,-0.6663362345721916,Normal,1.0141434806947776,0.4007039890618183
1.1492561694106844,-1.2641066092236328,Normal,1.1204259150851446,0.4864589976290975
0.5220990315092604,-0.5618454205055091,Normal,1.0273741877622085,0.4020747302023995
0.40345234412942854,1.1997374530177578,Normal,1.0166449540377962,0.45581004478055176
0.5559069639636112,0.381184458198091,Normal,0.9973156185237526,0.3925003561369986
-0.017343043232249677,-1.141190207688064,Normal,0.9999076846487709,0.4209740087958758
-0.648849542929124,0.5758173857882388,Normal,1.035322138980186,0.41937854354568144
-1.850678175118908,-0.18124683803812874,Normal,1.137301338867476,0.5204197565569227
1.9993131019568358,-1.5327095643551614,Anomaly,1.6697081227727133,0.6130283558554607
-0.8755463604436563,-0.15745097402494715,Normal,1.0272934028685774,0.41122460424651913
-0.6644431625082027,0.07715652511871544,Normal,0.9723169996836731,0.39051839476198635
-1.3211303476799634,-1.2412726460317085,Normal,1.0796094461108132,0.49935965575469426
0.3265000065448451,0.15869484241663598,Normal,1.0052051338658756,0.38296547075512744
-0.5349900355517141,0.36188202563882854,Normal,1.010306913297597,0.39728719774249566
2.8575744557453024,3.427509240467357,Anomaly,1.0973066815599741,0.6903371481801128
1.2730111708512513,-1.1048654666227071,Normal,1.174204911963585,0.49370156099214196
-0.46782913836793855,0.39121884350611275,Normal,1.0338672177027723,0.3949931208080821
0.421981584732391,0.7818737178136757,Normal,1.010408247464024,0.4178669267395645
0.32159045287597043,-0.16814781503533624,Normal,1.0176852813132042,0.3934636192737711
0.47289341782385463,-0.1893323114707004,Normal,1.021125035334308,0.3981403837985671
-1.2325239339974714,-0.8482392215038038,Normal,1.0394664504561835,0.4657314259746404
0.7294829209828307,1.2658445493426311,Normal,1.0814148857319412,0.4825729745396695
-1.5300742882531835,1.120259218213086,Normal,1.173395793814128,0.5466727660787003
0.11686041998020481,-1.3606205905051965,Normal,1.0114840520190564,0.44088544451585887
0.5933030304856594,-0.840790025949517,Normal,1.0186508809772667,0.4156163568111897
0.08499924937036935,0.46049158004494894,Normal,0.9960807808477583,0.38716823090154945
-0.5255804876357774,0.07034956840475588,Normal,0.9673733166234852,0.38487910374045703
0.013820261072034632,-1.2660490761585699,Normal,1.0124106065518983,0.43148712531965866
0.741086507738703,1.6678012579010768,Normal,1.1252785885703913,0.5335791695562163
-0.4980088194747476,-0.04375747327207293,Normal,0.9814861920186934,0.3903419711068858
-0.02500925434476686,0.5760910394033893,Normal,0.9824597986910357,0.3964482158361797
1.1932159800196411,-0.32758839317757893,Normal,1.0166456314556669,0.43922483849508986
0.1264198285280222,-0.5172011839905656,Normal,0.9832513011921264,0.3903672710227776
0.7419180043786661,1.1894344054176675,Normal,1.0687296549902794,0.4771486641654546
0.2343025093523453,-0.5952286617754908,Normal,0.987696803814633,0.39272158895906245
-0.9415607818364162,-0.7269434370411085,Normal,1.0957307430025016,0.42562728214814166
-1.6569637653337712,-1.1384441400690932,Normal,1.2053508934256938,0.5423358929492686
-0.760626701826196,-0.20184393002650947,Normal,1.0010716838428046,0.4088633279292537
0.44152945836070845,-0.931974396616451,Normal,1.0326020890603336,0.4222699625482013
-1.413895223691198,-0.453818829713246,Normal,1.0113433343294809,0.4591597687010203
-0.9986331827306468,0.27834707337705056,Normal,0.9833806183761157,0.41711850091818786
-1.007329191800089,0.3856593197047939,Normal,0.9919279985285392,0.424370621827465
-1.5394089616236055,-0.15425270399950614,Normal,1.0450460221888573,0.4677354122379142
-0.23940093569771304,0.9958923161538566,Normal,1.0009880631131225,0.43518644620310937
0.4486190684565011,-1.3721420075006283,Normal,1.039874395812823,0.4576035839709878
-1.282245967497181,1.2971733881844991,Normal,1.1107534226075249,0.5206989174810307
0.772467563700132,-0.648807134180491,Normal,0.9810298972781766,0.419232857356601
0.36399638140376667,-0.5708775957411109,Normal,1.022887441243766,0.40407837831950355
0.9666255498176916,-1.0822115295038943,Normal,1.0624725724153206,0.45692349640224084
-0.6358420066483238,-0.979217220649261,Normal,1.0628607722533183,0.43213962154653246
-0.17232894748701663,-0.24533167373321904,Normal,0.9849946597767649,0.38557076692855424
0.38404495547268175,-0.10442520877698536,Normal,1.0309844418466783,0.3928664781638688
2.7595258538952305,3.904467714926684,Anomaly,1.111212133662855,0.714334658247849
0.4664994072569247,0.9591276233679183,Normal,1.014158653387359,0.4341184435626946
-0.9431652781858089,-1.085868062302676,Normal,1.026623625048068,0.4497962163374776
-1.3695538760354415,0.5015405527756877,Normal,1.07126158516089,0.4635349472615501
0.44089328417617396,-0.9565970859147434,Normal,1.0385203072598927,0.42253656913920196
-0.6972600482281577,0.6099826797813929,Normal,1.0285322655697526,0.4218559847998361
-0.9230472545835199,-0.2902073394885488,Normal,0.9988523056411729,0.41095737699293766
-1.5103586589881977,0.3273044230040701,Normal,1.098858571819966,0.47790130273746145
0.157221279382852,-0.610276084951889,Normal,0.963423667087558,0.3896985403870149
0.42548664638595024,0.5766071515714901,Normal,1.0371181323587313,0.4023305140805014
0.182799053441798,1.076683976200265,Normal,1.026141182594667,0.44355377973586085
-0.15857527513293587,-0.40709969503611393,Normal,1.0068206076811657,0.39114539707191703
1.7025246868354085,-0.22182735210662133,Normal,1.1361427034152034,0.49141485317078654
0.48373483281209834,0.8339528253269735,Normal,1.0147765829341775,0.4199344588249033
0.4050831886567813,0.8034723917227656,Normal,1.0171419012310963,0.41745770525307124
-2.1033209539265596,-0.9214718934740376,Normal,1.4635247997805962,0.5694273926480433
1.2257590274013819,0.8703670330843577,Normal,1.0516816741018369,0.474330587277171
-0.7110975544701098,-0.7610796480381439,Normal,1.0778207123159413,0.4159790046121986
-0.46548339457912313,0.9204233162515686,Normal,1.0157241262437455,0.44026733482074976
0.5954035597134676,-1.5155115137247157,Normal,1.041369053073757,0.482264022203469
0.5139521068518034,0.2067962739209712,Normal,0.9652936804740955,0.3880086346533025
0.2100030990090433,0.25766732886532784,Normal,0.9974930921779928,0.38294663385705485
1.043101502472252,-0.2045231225289393,Normal,0.9841210626358896,0.43055123845467747
-0.19760939724483972,-0.09777891956683676,Normal,1.009862739882358,0.3832671351323426
0.6207814064686836,-0.05063713834543726,Normal,1.040733274848893,0.40733165104589847
-2.131767871151781,-2.6229853182290377,Anomaly,2.507288812951259,0.6835497995225047
1.0299569981919177,1.1459576410540984,Normal,1.135919309843732,0.49268466109969766
-0.7276613841959713,-0.3352683408348799,Normal,0.9830353838734831,0.409159823565577
-2.349591486443156,0.7680465377611082,Normal,1.6458750632086225,0.6084549369528635
1.3373430502146568,-0.47712133306582205,Normal,1.0742454203636755,0.44881268346013403
0.4277487309288661,0.45419498373433603,Normal,1.0185892934880183,0.39432633722198035
1.0433400446373464,0.04929259904399406,Normal,1.0380390687172838,0.42989554721322537
0.6009209979596584,-1.4091977691743949,Normal,1.0267156338044332,0.4694894255634494
0.06306372546882251,-0.257522501374164,Normal,0.9712545368614643,0.3816139830687745
0.345256342704365,-0.895600933580822,Normal,1.0883264673132496,0.41478053370084067
2.3380605004324693,-0.501006067193601,Anomaly,1.3728630237821535,0.5685640979781129
0.7425674405276489,-3.5908736579849587,Anomaly,3.332423576944315,0.6511819260163676
0.3772151104332084,0.752769811899585,Normal,1.0324611348135435,0.4112866992608469
-0.2885024106049129,-0.41096703882772034,Normal,0.9924790898093729,0.3913208721334009
0.5767732087647376,-2.3999846935692943,Normal,2.019093167518127,0.5967944213169991
-2.552235084301405,-3.056073583708865,Anomaly,3.1282662662485476,0.7221861054444676
0.6261122983276024,-1.8874717709868167,Normal,1.3306839994587016,0.5477616985957163
0.5824694984085749,-0.5527747859168547,Normal,1.0074877615200024,0.4077777357894549
0.4420841170122968,0.4994916071519364,Normal,1.0353444698861662,0.39570722824416094
0.10907895082522402,0.6402687222330761,Normal,0.9980627915307354,0.4052165900287499
-0.5761620226807173,0.4977898295064538,Normal,1.0202975588568097,0.4021031528204138
-0.21132216751346344,-0.008618245486262029,Normal,1.0010855519224375,0.3822602772941006
-1.4139356434667787,0.377678509527936,Normal,1.0952247509442563,0.4628272982172563
-0.8511654919535808,0.2859428203557241,Normal,0.9835476165455308,0.4094747090123997
0.8392414089933755,-0.14055216260780637,Normal,1.0229543449776353,0.4153105014713303
0.5719694769025062,0.8769372963441338,Normal,1.0219216268773341,0.43302797179936964
-0.46289392610025054,0.19378266967997784,Normal,0.9994162906244194,0.38868453682197185
0.7070131609443157,-0.2582612706210296,Normal,1.02765888694628,0.40487809560859317
0.21676162373034807,0.2837460986113925,Normal,0.9990873443285624,0.3850787294600769
-0.11736023067265851,-1.2600163229432029,Normal,1.0162950963398196,0.4363838164159013
0.2842960764564469,0.05740400996766099,Normal,1.0074691825084974,0.3829332792073365
0.24920740847502,1.8949289705191938,Normal,1.157621010131574,0.5334074853556384
1.6384107808959327,0.00019333588459340394,Normal,1.1418567487706501,0.48110571049750256
0.1358787784791411,0.6805521875970316,Normal,1.0007204005981865,0.40492414124335063
-0.058813309164925894,-0.08566340681885738,Normal,0.9883003249176614,0.38184259965573353
-0.3463931740605977,0.5173037775702053,Normal,1.0568285864488707,0.4054324232118677
-1.3946854271792288,0.9177381300440517,Normal,1.1025324668225613,0.5022693370856756
0.6526752056640267,-0.5784176040546338,Normal,0.9921631864505471,0.41219576719996165
-0.991289814504103,0.2712070441038486,Normal,0.9833806183761155,0.41668872449442196
0.6119677196539157,0.39666948502751964,Normal,1.00697513285697,0.396276114822039
-0.14459367965384018,0.6973103107534065,Normal,0.9857782798594001,0.40941300430105454
-0.06726445921246357,0.16988701857369873,Normal,0.9604261241459635,0.37846719481988017
1.0331525574307545,-0.09270076844819682,Normal,0.9910757949408507,0.42943219485488593
0.9731624362067652,3.042713822101244,Anomaly,2.0554496963960176,0.6362415907948802
-0.14301671810072422,-1.445099253489759,Normal,1.1011558175689946,0.45294584127539445
0.9609524036679415,0.35845165752684977,Normal,1.0375948342462047,0.41546937871621675
1.4958401386820228,-0.9700001044698093,Normal,1.153207965172708,0.4954187383430799
0.08633611201685598,-0.2256633425130039,Normal,0.9845148469485666,0.3850956607083324
-0.3525790295496094,0.5006667474058795,Normal,1.0322304873677892,0.4023300084342043
0.4596583426714915,0.7826747704824856,Normal,1.0251328754580469,0.4179827272756709
0.6357207053492482,-0.6343371082662989,Normal,0.987018594615862,0.41431171075168033
-0.2721961374519526,-0.33216324528734953,Normal,0.989565349763151,0.384722299345602
3.1759040436409434,3.456118350660894,Anomaly,1.1085887599620377,0.6912719258297296
-1.2186178991255294,0.04869890713512977,Normal,1.1654488934429652,0.43556165275935965
-0.26173923461432,-0.7934574993788296,Normal,0.982872324499702,0.3986862630232236
-0.23431438741586408,-0.7514669709882371,Normal,0.990200812662617,0.39677679437402874
-0.008991539997452933,-0.23476273338011489,Normal,0.9814048896037416,0.3821045847862284
-0.8186745627794599,-0.418794338978792,Normal,0.9832307373136949,0.41323688000840875
-0.05053259471213703,-0.013076853140419271,Normal,1.0082966304727927,0.38051190139343855
-0.7047240784205073,-0.30860861426588915,Normal,0.983468968874708,0.4033141617714794
0.54697251515955,-0.3357929732865244,Normal,1.0082887615257201,0.39727775784391206
0.4630858071056227,-1.0286321858209213,Normal,1.0363272184111805,0.4280430741148908
1.5260962769338533,0.9722076618736804,Normal,1.1935741891393497,0.5231688112597994
0.3067564146052441,1.6311999758435676,Normal,1.0548183916070681,0.49856174398383213
0.20110145947160618,-0.7114162356762495,Normal,0.9864909967694888,0.3955452269692085
0.06504345604681465,0.2002287175201962,Normal,1.0078070132706518,0.3761258093907313
0.11145174070009874,0.9414304706359199,Normal,1.0137793808475022,0.42421468667475787
-0.025748648351256544,0.30525634853908407,Normal,0.9723163779084498,0.3797016209740069
0.6357005937413495,0.33001681533106964,Normal,0.9842499275148227,0.3980488328252619
1.3094328743142845,-1.2192717364579693,Normal,1.179459732750809,0.5014867465925433
-0.7541095657631064,0.4116664606058723,Normal,1.018631356822072,0.41361869583133165
1.3409470509924,0.7060240297444551,Normal,1.046950372096782,0.47174219210528734
1.5282866113809792,1.131269362495385,Normal,1.1919434592215952,0.5372825482898573
-0.47924522172358786,-0.48406317180957315,Normal,1.0048486697470351,0.39951205576345067
-0.9383037275982054,-0.6545358609238825,Normal,1.0940706443408719,0.4225082817528252
-2.440270455680794,4.3907346401454195,Anomaly,3.5917177965948746,0.7547110845507446
0.9321838341101716,1.9725721992768723,Normal,1.3569632398151428,0.5741729561036845
1.1163568329774574,-1.2367596962032101,Normal,1.118846494802554,0.4814850209057436
-0.5500616889303456,0.20544434561406097,Normal,0.9943233035967843,0.3902231015016129
-0.09706687613051555,0.8459489121914893,Normal,0.980684582839204,0.416166118822876
1.1541335702332474,0.04845249580892392,Normal,1.018783569354952,0.4294759282759385
-0.35891505102583027,-0.31127357121328136,Normal,1.0077141811860668,0.3896697759380274
-0.8005522224042944,-0.3582140056216601,Normal,0.9766672950543128,0.4112025325557773
-0.9561744005723585,0.45997110454668355,Normal,1.0001667478563776,0.42950743699227034
0.42407326798195766,-0.35848261227005185,Normal,1.010043232306902,0.4007861731488714
-0.7178340682019873,-1.1709647337797215,Normal,0.9972692915236279,0.44503312632003417
-0.012539799050146357,-1.2815461193704747,Normal,1.0208048140505035,0.42971241765705265
-0.1978586922580875,0.5423483909979603,Normal,1.011205456311275,0.40284731520468664
0.07174715844746157,-1.1523181586016638,Normal,1.0024444792369205,0.42138728802553926
-0.18643545128598296,0.22773963905902156,Normal,0.9904240278704061,0.38436949055790653
-1.99171584533963,3.6380033374204537,Anomaly,3.1307783857009746,0.7064957581400207
-0.5713805989035332,0.3508011012011161,Normal,1.004866110352053,0.396426205997192
-1.3474874748899504,0.037843055873604356,Normal,1.1170563839996486,0.44704886550702616
0.3965579792043865,-0.34717262445277874,Normal,1.0080901350716325,0.3960545871476289
0.7319017378818244,0.12127560475007372,Normal,1.0006005767748254,0.39457442719085684
-1.2118182585619586,1.3630113445101641,Normal,1.1180001367703851,0.5207896347663088
0.8454099695957539,0.2720961740682094,Normal,1.0350700498200305,0.40942253940005824
-1.5304951035554673,-0.1886599278109098,Normal,1.0426601031946798,0.46719668690893595
-0.041250261987468395,-0.076950986718751,Normal,0.9944261361560418,0.3819616279068637
-0.4475590219913808,0.8138287238422296,Normal,1.0109018053916783,0.4271552769055261
-1.1054994981839164,0.24789757213922387,Normal,0.9954790524669368,0.42094767265808003
-0.695904928102532,-1.6103941794666579,Normal,1.1418742998110891,0.502537824690481
0.4920218148041448,1.4180275918893162,Normal,1.037489163484254,0.47661679561287323
-0.031528848720377416,1.871002268863855,Normal,1.2834610034921703,0.5386893410277934
-0.7118998525918229,0.8843024353051544,Normal,1.0607583037817108,0.4457681856787347
0.1000237137980735,-1.1112362490977887,Normal,1.0068921951591756,0.42309101951420014
-0.02334494278426935,-0.419403857826129,Normal,1.014300012039873,0.38347290352906765
-0.30102964377764235,1.0997096228400465,Normal,0.9965107857163575,0.4483591429082001
-0.7825813890878945,-0.11230235296514327,Normal,1.029910637454773,0.4050358259946393
1.2426448896522344,-0.912324387327219,Normal,1.1360240170141822,0.4623331676383842
-0.03427944055879172,0.10637487949141083,Normal,0.9998184671990661,0.37892070173747044
-0.4865247976071679,0.765991158611836,Normal,1.00140574178845,0.4222316446170513
-0.09611522652336331,0.35619530476891154,Normal,0.9868446937288265,0.3866832468169533
-0.15850609675193775,1.9646487596838922,Normal,1.3697073393775727,0.5502683942120632
-0.5014936893221388,0.7299775926734339,Normal,1.0012460862542278,0.4195371334436704
-0.2873111468447919,-0.4045374669142848,Normal,0.9924790898093729,0.3913208721334009
-0.01267297621006985,0.7471197214611576,Normal,0.998970111578581,0.4071550134451073
-1.189971654381332,0.8237838380179818,Normal,1.0171567639516303,0.47057267711032746
0.16421238266367988,1.8646164563685255,Normal,1.1573543843637184,0.5332449424246833
0.1238511672432257,-1.647978801965875,Normal,1.1234523247922965,0.48120099082751294
1.0525740565098134,0.33765251191696133,Normal,1.0174810337753375,0.42620139239377086
-0.44228303630125376,-0.3361604697365077,Normal,1.0040855712948664,0.3913820186228049
0.47074512314348327,1.1150163828788502,Normal,1.0259087768288049,0.44772725055349866
-0.7918120248285491,-0.5600075547309671,Normal,1.0282593909617233,0.4119738757675486
-0.8070298316139868,-1.3276152482446486,Normal,0.988955816314607,0.4613117445302487
0.22222109784397184,-0.66672911004654,Normal,0.9807977012745258,0.39303558926443055
-0.07190882762428598,1.0591376938812587,Normal,0.9882091043535655,0.43199157046976605
-0.3916496716737847,0.8225801749312489,Normal,1.0060266207963007,0.4286550363538016
-1.1015839928491777,0.4183185791387654,Normal,0.998964211759556,0.4336134888572626
-0.9958355801559774,-0.22407056091513486,Normal,1.0539955178077616,0.41964690496722623
-0.3045051375018183,-0.2674659040729092,Normal,0.9867614681815688,0.3832305529585221
-1.1859355852114337,-1.150908502195242,Normal,1.038504539718987,0.49136116959417747
2.5494025179941415,0.7906149064470004,Normal,2.101833768584424,0.5990807384259715
-0.9515480238517731,-0.05999486836005337,Normal,1.049332055851097,0.40843564645197444
-1.0169474049888085,-0.3640000717201336,Normal,1.0245054157178362,0.4220059930929991
-0.6178784040827647,0.2086602011035143,Normal,0.9954441427442301,0.3920983702311157
0.7702683383955097,-2.4383485535023777,Normal,2.151537123802204,0.6110381369156672
1.6750215690722587,-0.9966334242060549,Normal,1.2318758901483893,0.5187693597110784
0.5224040435032952,0.6596557725219546,Normal,1.0649348206545324,0.40723162744677144
-0.14424410451913985,-0.13951795572431006,Normal,1.0034523284655272,0.3809015795393841
0.4041228321550463,0.2503948915975519,Normal,0.9909177047611137,0.3844876984755204
1.3940155051454934,0.24124077096428348,Normal,1.024408628401656,0.445937887402973
0.7773500054742902,-0.5734440431749739,Normal,0.9760326498532919,0.41623421801595606
0.11842390355879688,0.5102318088348926,Normal,1.0053357384439283,0.3929357564088688
1.240083930213155,1.3344020557461278,Normal,1.2241155236128303,0.518684459710681
0.16755013753008935,-0.6839695951347704,Normal,0.9683096403650732,0.3974067260695623
-0.7742834221245443,-0.513031229378529,Normal,0.9966770718294304,0.41290245266920844
0.37568788791234076,-0.8320101281978817,Normal,1.0869723297091864,0.4096838255598353
3.20521275207777,-0.7040508926282669,Anomaly,2.3257029960147158,0.6049665206329203
-0.24279971469607703,-0.4631586935166976,Normal,1.0166056306674247,0.3929828585667616
0.5224944562971185,0.07793037867462942,Normal,0.9961891946525421,0.38726919284982625
-0.99969894598538,-2.458526492358391,Normal,1.6423366869028004,0.6118823191800542
-0.6153875129504504,0.046886735110360664,Normal,0.9672341689395448,0.3895519665248326
0.037431664905703634,-1.531518226599325,Normal,1.0897780154624486,0.4570553042830246
-1.8989457453089442,-0.5323270135120133,Normal,1.186188514302502,0.5362438149586961
-0.4960401966314784,0.008441113910608105,Normal,0.974177899623634,0.38716634955741014
0.3102485315347846,-0.6545120601637189,Normal,1.00345007346585,0.4003116623936773
0.3367557799944875,0.48129581887919964,Normal,1.0037870566861802,0.3938913075624672
0.13114477000730895,0.16897562131207708,Normal,1.0153642774799878,0.3779778751009936
0.7288387193655577,-1.3035342868832234,Normal,1.0172251834951056,0.46317976093775426
0.4187345384289809,1.651665908929165,Normal,1.0581579719349452,0.503925691780792
1.2954153009071334,0.6115224031656719,Normal,1.0221221234373448,0.4584140142813206
0.41623033613564686,-0.3984810383272412,Normal,1.0074532880099507,0.40030354094593446
0.15918435131211242,-0.3177638990228771,Normal,0.9875283272418034,0.38573349346497177
2.0080804934032286,-0.0056876696623210585,Normal,1.2536439252106215,0.5426796592487758
0.7169750281717825,0.9128159019964701,Normal,1.0827252585427027,0.4411388639487897
-0.6495654253193662,0.3492057579843745,Normal,1.0104816303146427,0.40477533279412586
0.6125278256652008,-1.099276307636565,Normal,1.0273228366237057,0.44631962428685007
-0.9306609479534256,-1.8410412416815154,Normal,1.1697091386083736,0.5472577917576673
0.13917312571091417,0.5190424255597066,Normal,0.998132460453099,0.3971458466930424
0.48002672263689555,1.506733446224445,Normal,1.0535731696388206,0.4893819020711864
0.7088518520505545,1.4256940552810318,Normal,1.0875522142973362,0.4948752584809513
0.49998847792927253,1.375272082420817,Normal,1.0371373294942035,0.4707236666730087
0.9307458205582045,0.46849160519790306,Normal,1.0490418866747588,0.4210343094903474
-1.1610749403645106,0.6284258336013104,Normal,1.0231258266778727,0.4552307945969802
-0.018212857813276945,-0.6540668864145046,Normal,0.9928703539690261,0.3863430180794049
0.7828623976605034,2.6331042158500466,Anomaly,1.680025278510827,0.611032443052913
-0.9374238587504676,-0.5154577802871197,Normal,1.032097425414132,0.41991479152733996
-0.5412714819768356,0.5401368476208497,Normal,1.0120563326098846,0.41449659077425427
-1.437254479606973,0.5018289625803949,Normal,1.0894003981387999,0.47026703136951786
3.092069159633989,2.9404155301438673,Anomaly,1.0943369608777842,0.6682511022229646
3.641408668319548,3.093578225045451,Anomaly,1.1399925842338698,0.6808565073872511
0.8635231285158463,-0.2063826185010151,Normal,1.017648228351655,0.4144927276485669
0.8995976420572872,-0.6749842443757906,Normal,1.0103894485653662,0.42754699047569156
-0.9163733996686316,0.5232731671563751,Normal,1.0502678758762622,0.4327567497643008
1.2338888505426802,-2.461074137405859,Anomaly,2.0672220144052433,0.6220321352539327
-1.2931603815725174,-0.4478126409896797,Normal,1.085237121363075,0.4530599048218728
-0.3133668951324305,0.46735703419173036,Normal,1.043177000801687,0.39563789989601184
-0.8009834126250263,-0.5915359888074011,Normal,1.0459198458470025,0.4111158921021119
-0.1929243190582025,-1.622706271437714,Normal,1.17306056659206,0.4828201860972833
-0.6282899207402731,-0.5365418358357797,Normal,0.9991767239608885,0.4018855239664577
-0.7550424914280076,-1.179978587968173,Normal,0.9794751667019297,0.44599336796208777
-0.6588565415284865,0.1147386047645132,Normal,0.9767929251870278,0.3919387953876818
-1.2576664593603444,-1.6496468252788103,Anomaly,1.1604396202709977,0.5370922250958851
-0.10089614072829038,-0.015250982482869107,Normal,1.001986406220435,0.3807892066326743
1.3935201903724965,-0.43092006055368276,Normal,1.0349380042418894,0.4508199704153036
-0.4182759171616557,-1.2863410824174357,Normal,1.0880611023407916,0.45051815506258613
0.024040950840783594,-0.4548563711638185,Normal,1.0080792237424876,0.3868503271883379
-2.220004934351135,1.732463317174969,Normal,1.9184785680917755,0.6369402616278298
-0.2373348165970014,2.4578569703989475,Normal,1.5228374009446444,0.595391969777497
-3.075798168844426,2.3570364754633277,Anomaly,2.6343226146213423,0.7111192467268213
0.7021307858314505,-1.3723638342283293,Normal,1.0246237043197353,0.4678266060678643
-0.948990991268267,0.14308422466554488,Normal,0.9899712025052333,0.4067710740881197
0.938733589953241,-1.334320840951932,Normal,1.0854616091917142,0.47868019535298195
1.0258985564876846,-0.12797635643296496,Normal,0.9910757949408507,0.425683391149138
-0.8336961604462216,-0.774449470121764,Normal,1.1358199668371032,0.42133067920758477
-1.0289363247787138,-1.071409487043088,Normal,1.0221623816801706,0.4631495469432146
-0.07854204363937745,-0.0718139337482923,Normal,1.0015401223447105,0.38184259965573353
0.19649591037685943,-0.28575878704337937,Normal,0.9950128855929398,0.38691652292598205
1.7614624964492833,-0.5966194713627806,Normal,1.1581129034906363,0.5097723550041983
-0.09981560220723666,0.3346452880033533,Normal,0.9836234748430062,0.38649776525991436
0.23100345961742674,1.3684185679566423,Normal,1.0300604754998974,0.4614627979083625
-1.083298502802033,-2.4190566394517248,Normal,1.6128987715177203,0.6082291396663924
0.32823513865281295,0.07042681645122188,Normal,1.007679292724696,0.3838315980380528
0.4687678713737649,0.9908710805647795,Normal,1.007339253753321,0.4370651522900087
-0.04574550452465142,1.253331520094978,Normal,1.0133229049051402,0.4559273955351974
-0.5974815654620441,1.3797513801303602,Normal,1.0824549704662902,0.4891610885904585
0.08117566594117116,-0.35813688702183333,Normal,0.9922711192784573,0.38208828370498976
1.773119930290779,-0.25101161645893705,Normal,1.1300661158023357,0.5094058135793241
0.07665928103495874,-0.7169613430207077,Normal,0.9857660312555495,0.3901086145214536
-0.6832773121284935,-0.37304870512052246,Normal,0.9830864865924532,0.40613279990287465
0.3387589900360605,0.039030010540388786,Normal,1.0070585309625741,0.38888642320773953
2.105834266896204,-0.18682689332560742,Normal,1.2276139349649324,0.5583783786797456
0.0004872012689627253,-0.73113436710526,Normal,0.9908300185660217,0.38874187188213216
0.5254018283997998,-1.0138673991124332,Normal,1.0399732944524434,0.4344631628193061
-0.5253044533887119,1.0236090420434854,Normal,1.0432579751491262,0.44517354636071554
-0.9394055471617946,-0.33561023949331326,Normal,1.009923673342016,0.4150569249738083
-4.021416920207051,4.289437162304321,Anomaly,4.354659298424529,0.7806482682690864
-1.245695671584549,0.490442614243119,Normal,1.069798512253301,0.45125752978082684
1.7892453216687494,-0.759508395308877,Normal,1.226923965510328,0.5235230404224591
0.022314120843401994,0.33383754797526155,Normal,0.9772185547827655,0.38070740936890013
0.4764540263030125,-0.1542824316705251,Normal,1.0251751557829887,0.3971722416633008
-0.9291326193096268,-0.21072916399973127,Normal,1.021354081437487,0.4146492535195115
-1.9406471221999786,0.5717877186347572,Normal,1.343527050660604,0.5446504641571402
-1.4639551140317677,0.8269297717901828,Normal,1.1133467687139134,0.4992934954603518
-0.4647239186146639,0.04647066499190052,Normal,0.9718317088282195,0.38790531421077584
0.4099279774666637,0.1406743174448592,Normal,0.9907092688310997,0.38193723462211243
0.7585654127026571,-0.28164869235609397,Normal,1.0152691252005448,0.4094419037581254
-2.322894518336826,0.5512688046178812,Normal,1.5698530761292866,0.5959487712317698
-0.9291525546411286,0.6468462090988272,Normal,1.0615893721033394,0.44510527215462303
-0.5759389289536515,-2.1929393027939468,Normal,1.4688055167946925,0.5783040655828597
-0.5314876205379401,0.2838968042104224,Normal,0.9995026608795822,0.39319091218067487
-0.09885402094787449,-0.3416875937144473,Normal,0.9957823087629919,0.38233670066624686
4.051914400274349,2.7244920828641495,Anomaly,1.1466072694877314,0.7118937542634354
-0.2414454150944601,-0.21397255978679852,Normal,0.9992935526060112,0.38620975261790885
-0.2958884995028793,0.6716110278337275,Normal,1.0068108775532618,0.41273307650541696
-0.21812135464636737,-0.4528265480385807,Normal,1.0051589872779518,0.3930945252496281
-0.29283100938104645,-0.7156372448138457,Normal,0.9854250629564067,0.39498920770908996
1.3470157566995506,0.22732680752672535,Normal,1.0069040183488873,0.44003121776960913
-0.29436082342487296,-0.6579444890454657,Normal,1.020903291136817,0.3959812908630626
-0.9839186501787199,-0.9681653672479106,Normal,1.0300530543908546,0.44172401797753386
0.7506971794863321,-0.22783186448542916,Normal,1.024854179879199,0.41039381665475694
-1.3874540018915476,0.9056026977821149,Normal,1.093978674737183,0.501523531453757
-0.24303280417180334,0.6829957315560268,Normal,1.0069440258642195,0.41168641085267926
-0.09962904823557181,-0.3533634464556635,Normal,0.9937012581615733,0.38338613564182034
0.5090637592491601,-1.5831678776282498,Anomaly,1.042785408474436,0.48559892577381897
-1.0591639401387483,-0.2653026726244484,Normal,1.0465135157010301,0.42279469835468736
0.745855741805315,0.233900271196516,Normal,0.988898384511059,0.3963884764974351
-0.9698657248596451,-0.26263256946585145,Normal,1.029002195315051,0.4161966339125079
1.210966681588808,0.39762055998822393,Normal,0.9832402623058002,0.4303299244889882
-0.7888214110071401,-0.36800218724786277,Normal,0.9642842232793395,0.41057180004264
-0.9483696278157773,-1.4401910685324812,Normal,1.0274540031567336,0.4835339214633777
0.12542302625716287,-0.5631414464861114,Normal,0.9766107914365735,0.38934212686715614
-0.5895192631820092,-0.8042884243212064,Normal,1.0297328536033765,0.40695176637092006
-0.5299509842807142,0.7338759498955518,Normal,1.0155327188467864,0.4229304214271483
-0.7527030811423474,-0.3685454692802393,Normal,0.9680985487103726,0.4115305675337234
-0.5445172443369554,-0.7353918111564918,Normal,1.0052278634745133,0.4051565211824348
-0.3569207488314215,0.23146524725671372,Normal,1.0569080692611947,0.3930348960544445
0.8143370117353667,-0.5399496430823759,Normal,0.9760281496803367,0.4251128035167202
-0.29565506678738607,1.182811174513728,Normal,1.0051993168944948,0.46182541283277184
0.36101332602536135,1.1228230347324801,Normal,1.0436545163224622,0.443016037522445
-0.6069566876874399,-0.421323920416994,Normal,0.9996231248869416,0.3977356137807854
-0.4802708776398155,0.052155089325736856,Normal,0.9710486451334106,0.3867277580963915
0.07906596570957598,0.6953107731865942,Normal,0.995256900264694,0.4076827588499735
-0.29313448824064375,-0.3288748620055018,Normal,0.9911061220385861,0.38317059482521426
1.2671937838789724,0.5074735136685041,Normal,0.98624131863313,0.4487235059441051
-1.7876595176753174,0.19117436486740857,Normal,1.1422002557313973,0.5053216633760558
-0.4768692572516655,0.7403992787951263,Normal,0.9962008544898173,0.42129055160399564
-1.1530854131998627,1.051282463620943,Normal,1.056487473241996,0.4934953888588374
0.907153701318227,0.5269542206302912,Normal,1.0755066151749524,0.43428916464896317
0.6628044590548967,0.03782865193245048,Normal,1.0375284429432319,0.40050878465012335
0.8289762152506078,0.8305932531777738,Normal,1.1275490891290114,0.44694232968676456
-0.004570369864289088,-1.707711256635093,Normal,1.178882816819455,0.4810195386561289
0.9440065952412198,-0.43770566298291935,Normal,0.9845058648365178,0.4201758981603714
0.25422925435252147,-0.4480853439894207,Normal,0.9902506432183047,0.3933855120508598
0.26602871065818473,-1.478566325844253,Normal,1.0812349457611639,0.46502326890458656
-0.6550792711535085,0.7265553661495165,Normal,1.0265092386326191,0.4293138181552676
-0.6190791217711024,1.3477260206516826,Normal,1.0591899314798918,0.4836465071995453
1.3135505192046042,-1.0313181282067714,Normal,1.1982363513605396,0.4824380880958214
-0.15974895685442647,1.0483497489041733,Normal,0.9948636142978134,0.43347353221392954
0.6314872512116039,-1.0179397659453937,Normal,1.036797603397789,0.4398869045141913
1.3447347303379764,0.20775000369876873,Normal,1.0136257251171492,0.44069301875756217
3.4097195884728704,3.0193838618533695,Anomaly,1.130998967437856,0.6656759360249257
-0.12200120007183357,0.08607012108132266,Normal,0.9836571970984078,0.3814170880436714
1.2023727487248188,0.5958617306686548,Normal,0.9922747781140961,0.44560433278239286
-1.2986664854069825,1.0975713599709416,Normal,1.0671765854414894,0.5066077596956529
-2.4555344275195355e-05,0.6692583837714091,Normal,0.998209018895887,0.40103964104923573
-1.2609258927537088,-0.8636555149319758,Normal,1.0319763436636313,0.4647701256064539
0.5037236955123786,-1.4063073892575808,Normal,1.0195604400938247,0.4604995637971733
-0.586929340091985,0.5735409042979336,Normal,1.0188263357968521,0.41091527854737386
0.7968976106966535,0.27040704728572496,Normal,1.0037296003539318,0.40101529992685264
-0.6332302926686528,0.636448877307718,Normal,1.037060593251756,0.4218476353156828
0.24204190556453922,0.3813577166559893,Normal,1.0003471600370246,0.38794506792686057
0.24534868271354784,-0.13587758907396807,Normal,1.0278242379495102,0.3865584666720351
0.9576391484209511,1.1136383833962256,Normal,1.0944500534985526,0.48450415777491435
0.7687778336947801,-0.5065983892169112,Normal,0.9722830188120405,0.41979846679934896
0.8500393872006601,0.3801937416175035,Normal,1.0593713428422136,0.411509210017669
-0.1168448423935826,0.43837750398370434,Normal,1.0008034893570272,0.3902698800421842
0.6198319994557328,1.415543892829039,Normal,1.0726166638515582,0.48353497813966073
1.280268580220523,-0.7905957691653491,Normal,1.1259200516640064,0.46492495788660126
-0.4999262965967438,-0.45739128430607345,Normal,1.004704776863354,0.399584024159245
-2.8542929633039704,-0.9332569315313127,Normal,2.137988830779256,0.6605628224218992
0.030663034255177662,-0.6725273542860298,Normal,0.9850074361452208,0.3875883683415181
0.9906399100272322,-0.828905915029499,Normal,1.0672888463771986,0.43496883608933623
0.8991636244059762,-1.5084211673602617,Normal,1.091528207444207,0.5008270617539504
0.24352754603852272,0.23618965585504811,Normal,1.010435760864784,0.383407887203281
0.4463484570243457,1.5447581327765394,Normal,1.0429356068475522,0.4887067279383993
-0.03458997476662414,0.31631499994950807,Normal,0.9700941314291335,0.38135619976719215
-0.7437871260800551,-0.30000516253587994,Normal,0.9764260220956473,0.40890935725128685
-1.0153112118501493,1.024883426556425,Normal,1.0629780692577486,0.4758961908433325
0.6617819419939421,-0.37173116285962426,Normal,1.0074634881661364,0.40746578752897084
-0.8387191277328907,0.014014924675349975,Normal,1.0489574690774184,0.405140106677409
0.14821387049452406,-0.14998348217568283,Normal,1.007794612546182,0.3882780359679315
0.10842009873499997,0.9872599501796543,Normal,1.0042591677499177,0.4275166099508882
-0.26551798247226854,1.0890422946951768,Normal,0.9878772444283322,0.4485039277878655
0.061007922444358265,0.9498367289803251,Normal,1.001677341884633,0.4263899752932703
-0.732080060842404,0.011336348126028505,Normal,1.0251539767863327,0.4000338199086443
0.35733784935266116,2.9882333534753016,Normal,1.8905012082356438,0.6231237435282915
-0.27084376119199477,0.1775503948422986,Normal,1.0032686857953874,0.3886620483565663
-0.035380855982500355,0.7702051673749145,Normal,0.9937812142076263,0.41127362914636073
0.4629680202050937,-1.4455488258527662,Normal,1.051712589394089,0.46519051509916304
-3.44238112340715,3.092628605820773,Anomaly,3.253034314506374,0.7431756102091461
0.006066048692042382,-0.15991764279654608,Normal,0.9815012144017297,0.380336047851894
-0.247493056739861,0.1328726864432926,Normal,0.9965361542132417,0.38144071217845305
-0.028066281876425028,-0.9761592037806671,Normal,1.00824585348396,0.41060036731313343
-2.388850153413408,-0.15324535317020047,Normal,1.3660045117515005,0.6039120629031939
0.9075681221353031,-0.7694658853293026,Normal,1.040295679777425,0.43643866072644777
0.45191711406626917,-0.7987941194450825,Normal,1.050410607224864,0.4079545292485981
-0.7074852472731988,0.06445633075283894,Normal,1.0008444842632822,0.39408343724519834
-0.6008236791929943,1.358629986354306,Normal,1.073507650959487,0.4836730575368074
-0.8418268138667068,-0.4613312626127369,Normal,0.9877696609187085,0.41592676784812405
0.014638694944962099,0.011262354608563278,Normal,1.0192620852227148,0.3786590448597898
0.1068978976414328,-0.49453110654064975,Normal,0.9918318152240658,0.3910621342082532
1.1264253232046262,2.003279808639228,Anomaly,1.518392879061518,0.5783145806106723
1.0001774001738781,-0.6785969128725384,Normal,1.0345437905933716,0.4315284665914867
1.453987729055329,0.40568621533918536,Normal,1.0211403724547135,0.4588982831709005
1.320889478649319,0.7023631698400449,Normal,1.0441006437053715,0.46985835620442473
0.031151433629809853,-0.23218379615847096,Normal,0.9837023498004935,0.382410425538946
3.4202434854945603,3.007063088845897,Anomaly,1.1307596622142388,0.6661264756507985
0.4199097444035476,2.823920458050698,Anomaly,1.7254082028184743,0.6141963871545733
0.6980849664780459,-0.7553921494986656,Normal,1.0034299595889407,0.42222861917167825
1.0321790905926742,-1.4463303112642911,Normal,1.1089760852669517,0.49858174547370143
0.195816743745103,-1.1155579021657929,Normal,1.0546891842465338,0.4284955663301953
0.3847401803176343,-0.272163861196756,Normal,1.0070429383516641,0.393726722459388
-0.0074379294734162466,1.078431890643353,Normal,1.0014852913642978,0.43662007115947765
-0.10560217292947532,0.11567693858192321,Normal,0.9776699614670079,0.37891639955760753
0.2700289748417324,-0.5628567470281218,Normal,0.9968346236674934,0.3946723541903143
0.940088635484323,-0.599890367311543,Normal,0.99455057864424,0.4223296430061241
-0.041539628553132465,-0.7777217981434809,Normal,0.9930480463282991,0.3920099188694236
1.0197068596520702,0.4316882610031034,Normal,0.995738861616403,0.4242189835811448
-0.1038484372338545,1.612922123492701,Normal,1.1988115252653408,0.5057386769142478
0.54337826990787,-0.17448996302191355,Normal,1.048038654382156,0.39949094321647205
-0.6887096712206899,-1.3267043847105138,Normal,0.9971267051785858,0.45944623724291633
-0.2259136216781507,0.11762178917374531,Normal,0.9941812500597654,0.38176950497753787
-1.0910985846957044,0.8453749067256623,Normal,1.0279775044842718,0.4637576690149385
-0.22853239353618335,-0.47401106719451014,Normal,1.0212511467752274,0.39410033905976655
-0.8435558291972779,-0.7655484842826109,Normal,1.1416245490053822,0.4236776051740943
-1.0984161692932213,0.13952496024269867,Normal,1.0391261725446646,0.416848537298001
1.1576952432205165,0.661721004876863,Normal,1.0103276924713225,0.44488815043560287
-0.0086005671995196,-0.3500085657248983,Normal,0.9838311059283453,0.381968139270811
-0.6279882297935828,0.8464500479625284,Normal,1.0397291769386863,0.43685497090841313
-0.27194865933872053,-0.08797129703558947,Normal,1.0439223355888394,0.3852344297350203
-0.6852357609748589,-1.2420747123079783,Normal,0.996875721011321,0.44800203523910304
-0.15326423318899055,0.7887823923675342,Normal,0.9806757565397344,0.41491524102532423
-1.5578216165108767,-0.561701295666543,Normal,1.0639969223896357,0.4806265635532112
-1.686288589853535,-0.017101366217079233,Normal,1.1086050816258388,0.4901903998143838
-0.4179766653931639,-0.851261065642318,Normal,0.9864716706676896,0.4116347745016397
-0.23089340888605564,1.2667250801525207,Normal,1.0144956642955028,0.46364566206431507
-0.016875859746253562,-0.8021121843711296,Normal,0.9957602039891823,0.39149325849465627
3.405559280721746,3.2255642180882123,Anomaly,1.1116524632822842,0.6766684101686032
1.3594723920508933,0.5993010649098868,Normal,1.0153882881845606,0.46121504651543177
-2.196269232726029,-0.7503396894187351,Normal,1.5183371578774552,0.5910099768181746
-0.023131127222933135,0.8246293180331502,Normal,0.9945139876316604,0.4113227124115685
1.4264292830840308,0.216039994997943,Normal,1.0384430689708861,0.4517214851534815
-0.8861525077494629,-0.22544395009758966,Normal,1.0061659862513772,0.4177585397983331
-0.2934075942221242,-0.7876088895311139,Normal,0.982872324499702,0.40019259958371656
-0.5803596922453835,-0.9255131136146271,Normal,1.04686216707253,0.41588091828576473
-0.8828208555101159,0.7636043256735108,Normal,1.0703988104105853,0.4473803377267998
-0.758877139969012,0.2694991642333193,Normal,1.006518428610171,0.40432041188013695
0.09555196210309139,-1.6852789900007377,Normal,1.1521726416736464,0.4853708946880202
-0.9366400051680671,0.133069325028274,Normal,0.9859944151193458,0.4075849312649432
-0.548928511435894,0.211339791928993,Normal,0.9928429372479061,0.3906897206664729
0.08716967646500748,-0.5921987195249828,Normal,0.9772141199468244,0.38771721343932425
-0.11102926544355274,-0.5465345300690666,Normal,1.0505093104866963,0.3939542668592721
-0.7701631710436924,1.2083571093489132,Normal,1.058443479295066,0.48855251661320287
-0.0279000744996053,-1.6979802577006653,Normal,1.1683201133251997,0.4819615430828676
0.08891331162815838,0.7351987633571622,Normal,0.9970939261037254,0.40569404016524513
-0.40126033797435273,0.7658287570272284,Normal,1.0125314565746713,0.42510894450605624
0.7563792659996336,-0.3707726053056891,Normal,1.0053725467005736,0.40915419640523226
0.36995457686517286,1.0495167639535135,Normal,1.0190320939732325,0.4345837442608132
-1.2711029834994652,-1.4325863413066853,Normal,1.1339100204362753,0.5156591044986377
-0.14330148840064386,0.2815868098519574,Normal,0.9757144703339982,0.38332819061121387
0.3314187859313029,-0.7901095602077973,Normal,1.0483319764362151,0.4063373782870797
-0.0786534008264578,-0.29821092686421885,Normal,0.9777300519856584,0.380356246382766
-0.6925050077976557,-0.024012935744485008,Normal,0.9986962816734885,0.39528677004330304
-0.6066563143743723,0.1810809795560055,Normal,0.9771735632311243,0.39311143904160245
-9.430956551162568e-05,0.3689521195499228,Normal,0.974946680473393,0.38009355535611095
-0.27666816799383814,-0.8810345988764815,Normal,0.9656011930753874,0.40503742470151344
-0.08610553417060751,-1.0409823483955378,Normal,1.0031707525311178,0.41643434842471205
0.2621618540764313,-0.12904377986859186,Normal,1.0195684929460154,0.38523162241717124
0.10887981632537831,0.7323394553670423,Normal,0.9982208160903898,0.4062618899804316
-0.27408495983898923,0.4645092497235516,Normal,1.0445605693819546,0.3963182927383748
-0.4961474220892851,1.1559887294391615,Normal,1.0228109784343653,0.46250378812413206
-0.5979137211211848,0.2673329487172511,Normal,1.0014667664286878,0.39163345175374936
-1.198340367274273,0.4288669777193091,Normal,1.0611934198225936,0.4501263620298616
0.6604833897443613,0.9804233834823807,Normal,1.0586366540458332,0.45013568374477386
-0.9282658996045688,-0.9969397315860258,Normal,1.0390682478374456,0.4402385514171565
0.08846029293376897,0.8139828138464946,Normal,1.0078772706501014,0.4147522891191596
-1.6247009069387564,-1.3833274480900024,Normal,1.2657821303509649,0.5513256294865831
-1.445027162838716,0.24457847371807048,Normal,1.104754412626814,0.457479401799146
-1.0203351709377497,-1.267474595345218,Normal,1.0152494127129335,0.4733062023930665
0.2008161635120569,0.04358384233364542,Normal,1.028440556212483,0.38559301058556295
0.2673675484695178,-0.3035744177989248,Normal,1.0011154166339604,0.38751829951920375
0.08036337918706321,-0.0722513783771728,Normal,1.0099706126807377,0.38379215653354865
0.7925430254831163,0.36683738375444147,Normal,1.0361808804965746,0.40536790847936843
0.9154225194739803,0.09498021280864524,Normal,1.0485339551737052,0.41098212135786516
0.3487362507306406,0.5865289433079868,Normal,1.013414212049883,0.40112318130019453
0.46805127838724436,0.2928083381888568,Anomaly,0.9746471168042486,0.3856242926639367
-0.596568497155968,-0.3441280011518761,Normal,0.9941694198220722,0.39635839547338814
-1.0429471695802413,0.19789080934332778,Normal,0.9862526405420475,0.4168371103070351
0.09925668413663828,-0.7142166075971117,Normal,0.9742210927548637,0.39098774444365264
1.2192381894459963,0.3237262420322544,Normal,0.981569473327721,0.4345697602354338
-2.1557388415586765,0.6012353403143853,Normal,1.4887931418052878,0.5809149276659542
0.18014361258323738,-1.4846649412959458,Normal,1.0844970799706999,0.47695100268228063
0.007070156773097281,-1.1822239552678078,Normal,0.9985428286215736,0.4189337298972987
-0.4844236644576003,0.32666105636954723,Normal,1.0097245673469435,0.390264421497999
-1.4565290581098747,0.05400762458688414,Normal,1.0903448564456695,0.4518540152818452
1.1748179897443678,-0.27789762397697026,Normal,1.0084893560378307,0.4353797782289033
0.5000410444525997,-0.35906178967726754,Normal,1.0076718788151109,0.39925595935973185
1.9718830851112648,-0.15591798856681124,Normal,1.1793037074939998,0.5361068013318494
0.9339660177675776,-1.0966578892929593,Normal,1.0496064375458913,0.45853041799457084
0.19328141998788576,-0.22827024116950645,Normal,1.0007582710189422,0.38879016652150555
-1.0947055707667512,-1.7492515551366696,Normal,1.1623604307638837,0.539603582016343
-0.5654542936930733,0.03880099812855074,Normal,0.9753944095384183,0.3881679395101078
-0.2199381310858681,0.43020776788385395,Normal,1.0507022968589443,0.39217421250865003
-0.1537169594460881,-0.2074812396874118,Normal,0.9917954042434548,0.38531170252532115
0.5888298772256808,0.23250378189970972,Normal,0.9688050112458374,0.3907288410507037
-0.1063706275756957,-0.8599913542326006,Normal,0.9932993534236045,0.4022460052250626
-0.8691285645525417,1.1366492204494327,Normal,1.05785425138671,0.48332815836457155
-0.3939120282848548,-0.15537671767846037,Normal,1.0625700448801785,0.39139855572106913
-0.05566199149205436,-0.7153813177308007,Normal,0.9880497313974507,0.38786874441929614
0.8349244674535623,-0.9349676936127935,Normal,1.0427664852949854,0.4465805150042742
-0.1395232828082747,-1.0833172558692121,Normal,1.0148804821014896,0.42760013512696105
-1.0325622489509882,1.2993392814142932,Normal,1.0697371684220471,0.5077222751456668
0.5641961509766219,-0.8510641835601878,Normal,1.0268731558950317,0.4171993272643861
1.6913124250504505,-0.6637365825678392,Normal,1.1546513499482027,0.494920637545216
0.6299739462687733,0.25961866692951413,Normal,0.9753747904730747,0.3937418651051832
1.2009859789422357,1.3229667230304039,Anomaly,1.2047203841621257,0.5177761456534025
0.19406481367134268,-0.41921786581547277,Normal,0.9860308626895897,0.3884043259364469
-0.27408769329754507,-0.39046031542190024,Normal,0.9977589375788609,0.38900604713892634
-1.235717264534269,0.48803890313709414,Normal,1.0860707516537995,0.45040571068621377
-1.54774695022763,0.9790038301200555,Normal,1.156540694006114,0.5357117827688366
-0.9097852120213547,-0.14795182408440632,Normal,1.0349235352996957,0.40976445060473915
-0.30930566753885474,2.077586713360418,Normal,1.3857485270445367,0.5658479940145095
-0.3374407081208594,0.9965600018421715,Normal,1.0049136145436648,0.441823297439979
-0.1048739856297772,0.8333539316383107,Normal,0.9865426248951803,0.4159202702691273
-1.0609056447620793,-0.022300710269773066,Normal,1.0816421485679535,0.412552778712923
0.20562322920741374,-0.4407623671579331,Normal,0.9808948357107043,0.3908859505377737
0.35610017582093256,-0.537911859195985,Normal,1.0122104095834434,0.40391525317836224
1.7407076292184251,-1.6791823557992493,Normal,1.5671656364875213,0.5841248255095288
-0.06231786507584339,1.0259191954673907,Normal,0.985997592799959,0.43020655861167767
0.16138811749162718,0.15933381559868398,Normal,0.9998341663514297,0.3829386529831487
-0.3352059005852228,0.893668833171824,Normal,1.018048470232955,0.4354096563356523
-1.026398384929125,-1.8406395977339403,Normal,1.1955968748199182,0.5513908322655566
-2.3942756529011864,0.4354624872287266,Normal,1.6718329930606504,0.5894429942612291
0.39559268976652395,0.759422102062716,Normal,1.0236169367003343,0.41477177114192093
0.12281739948305047,1.9823169668446992,Normal,1.2557347091493845,0.5460407693021971
0.021538380612204595,0.32725444002411713,Normal,0.976461797966708,0.3796013512523673
-0.30308105054073703,-1.4512287061564322,Normal,1.1737199721194416,0.45910044587662774
0.41255812197255765,0.1523702862278398,Normal,0.9907092688310997,0.3832207667008102
0.083172237668245,-0.39355553689860256,Normal,1.0003652730609758,0.3814880476331202
-0.48910127853048885,-0.6349041733260415,Normal,1.0038766929949783,0.3992192260546304
1.51220261965924,0.2714004124136697,Normal,1.0666791078536035,0.4685920521646906
1.1075255796488315,-0.31064117751849035,Normal,0.9866497560750401,0.43206963720787606
-1.285419873230685,-0.1764108533477469,Normal,1.096413266936696,0.44182489274781306
-0.13661569991356037,0.6584014438612341,Normal,0.9857782798594,0.4042261342095456
-0.797242989684203,1.6152368230098095,Normal,1.1044594046705039,0.5208717739171855
0.7507637804937658,0.29332005807487277,Normal,0.9935383756509667,0.3972637477125624
-0.4697450521540658,-2.0585304586498494,Normal,1.3603180237329209,0.5702782416728087
0.7295823109208994,-0.5734535199233027,Normal,0.976516098777228,0.4132452351291756
-0.559678106358111,-1.2109911546579877,Normal,1.0189128920824213,0.43875758098269185
-1.6529719145862156,0.29886577744949316,Normal,1.1220501577651525,0.49180196144829547
1.3191361994637514,0.4871250075957024,Normal,0.9860611020034256,0.44967702150963074
-0.9080301785704779,0.4420365844661666,Normal,0.9931766158010168,0.4264360339845592
2.6040717085852325,3.1097009421478146,Anomaly,1.0813980379843513,0.6716379842025124
-0.35581492170216183,-0.7496406418182718,Normal,0.977850763691605,0.4041078702525963
0.6823604049215773,0.4011263502904594,Normal,1.0213051009758893,0.40004808358654914
-0.522379059758735,-0.9612589853187933,Normal,1.0656562328323869,0.41940421591235133
-0.5735035662698207,-0.5492958045726702,Normal,1.006108559791042,0.3997482256932521
0.18986725047207795,0.9682118114320687,Normal,1.0390889501427722,0.4289324686804628
0.13019643800727324,1.1587760123218482,Normal,1.003566163313243,0.44647950919472884
0.15634641302185515,-1.014548401056476,Normal,1.0460179961615832,0.42236672219961374
-0.6381544783067133,-1.093708964952156,Normal,1.014967474778989,0.4376339193058511
-0.5363930282671877,-0.7471054248650119,Normal,1.0050497392209994,0.4038185781542977
-2.061792008357568,2.832931547139207,Anomaly,2.7819795370950664,0.6764969161465286
0.8369554131043092,-0.0924532735067884,Normal,1.0221516029233428,0.41577677347549896
0.3595705271769086,-0.6931297500550893,Normal,1.021648049117629,0.4079467730596499
-0.6163447645379377,1.4294045559399924,Normal,1.0899602410122446,0.4963613813889728
0.5486539346005632,0.3852025154941241,Normal,0.9983489253437499,0.3910157358884261
-0.6422568626736329,-1.5815254792740538,Normal,1.1260044320135114,0.4949386468110513
0.9541671666347794,0.004359632648930283,Normal,1.0511022722054184,0.41539872691555074
-1.1310489745602512,-1.2870325183240046,Normal,1.0448639869578926,0.492110425287484
0.13717893220532162,-0.1694479805249041,Normal,0.9950768099833743,0.3872770125362455
0.6116801878530415,0.9809075633481754,Normal,1.0260433764674628,0.44444171217569517
-1.1173084171216037,0.37278885032597614,Normal,1.0046096627813812,0.43155141462877183
1.1134166123766618,0.6338707070319334,Normal,1.0038341247498943,0.44336470033585595
0.0689080979384486,-1.1832843992322062,Normal,1.0039550171299418,0.421379829176987
1.3126782289828576,-1.2595067714929669,Normal,1.1973066262579182,0.5027971864476207
-0.9436143077262272,0.8069402335247838,Normal,1.074082255102305,0.4540324756380726
-0.8556860127862626,0.15121482578235806,Normal,0.9870333467530212,0.4030148744693489
-0.9913666053906915,0.23479497577347505,Normal,0.9798288830311652,0.4183034127527068
-1.2348117114078836,-0.8908238547134218,Normal,1.0299701325507038,0.4635957700277
0.019215243920939037,-0.8919936816868314,Normal,1.0305608196164477,0.39949735782860885
0.5514625003009721,0.13105972539950525,Normal,0.9740380151916433,0.383590263327779
0.02185713385557028,1.1967478302110068,Normal,1.0123340855733323,0.4526482024298907
0.20637663494482295,-0.34710917787372575,Normal,0.9963160949671034,0.38695375156620393
-0.683224810241131,-0.6426003703295519,Normal,1.0288344134454754,0.41206270673826395
3.505011249853101,3.012666655183993,Anomaly,1.1331485858158605,0.6689841254503968
1.2554899391604886,-0.1624561633315504,Normal,1.027462061220533,0.44298484040295505
-1.2559940888190255,-1.4069872423838632,Normal,1.1230217889101817,0.5070472977311238
-0.2691417356728883,0.7738920448841223,Normal,0.991615913140761,0.42128931010753706
-1.8145122998967829,0.04033113122381137,Normal,1.1095692240123451,0.5054859589901283
-0.5563928052083126,-1.07275328510114,Normal,1.0520808305134142,0.42888690711890887
-0.7752323957071805,0.23138089993631153,Normal,0.9892814827353863,0.40375259305698047
-0.894756746329144,2.007000726560901,Normal,1.4775109871516974,0.5647569277723014
0.14530127858006547,0.6057263294316436,Normal,0.9984229019878317,0.4021779346371561
-0.7860197621276569,0.08634974229441669,Normal,1.0212493420268047,0.40019092851412497
-0.38112123557867306,-0.39041280214358054,Normal,1.008422523512501,0.3914299527224517
-0.6332573121691262,0.7185599106727795,Normal,1.0160759453105812,0.42997830502726425
-0.17601477129654533,0.21341073185971848,Normal,0.987301747438182,0.3826475409017916
-0.09456544157547088,-0.9600508123318688,Normal,1.0071500749909028,0.41254356988242624
-0.04556678866236175,-0.22778733581376331,Normal,0.9787533054970219,0.3833470899731512
1.037282131413561,1.0126226813492332,Normal,1.099601054614411,0.47268834904801726
0.4576801153603511,0.6724018185412449,Normal,1.0247621073537816,0.40618000125310555
-1.2516999235402946,-0.290313677781702,Normal,1.0921352975615395,0.4401616046845455
-0.9222104345837007,0.2619692482702785,Normal,0.9822283351120186,0.40926397048065355
-1.0073233887847315,0.7372076698167914,Normal,1.1061218306683323,0.45232640794937057
0.8429780877594402,0.737729663709914,Normal,1.1112413300509005,0.44042652051255105
0.37992257983557726,0.5008162539355223,Normal,1.0168527601629076,0.39460529646617465
-0.8759077348917798,0.08207357395812845,Normal,1.0256024987718293,0.4039872756331098
0.045582040657110204,0.18386099438018222,Normal,1.0021278987197832,0.37673817602758297
0.5658548184400645,0.1165053322845298,Normal,0.9857557578660796,0.38625142730716294
-0.6060849350783487,-0.1393688515038117,Normal,1.0112873639659847,0.39253821908810405
0.6996389127157902,0.1547461134393777,Normal,0.9788341240084353,0.39293723253172136
0.05365104534946491,-0.9359002743248346,Normal,1.025037439226169,0.40885200884134343
0.14559372810554783,0.14907484311330133,Normal,1.0070379198043815,0.3783874233356712
1.5296542574489629,0.030781725989348217,Normal,1.0716309302467286,0.47271485303023164
1.750036236423415,0.4001190420882061,Normal,1.2291055360259417,0.5020106816332935
0.17015599471106296,0.10031468336189699,Normal,1.0124037946361621,0.3892050943452271
-0.436521002211174,-0.04248241890837067,Anomaly,1.0009720461652003,0.39298671973664906
1.179409332255517,1.0000854302409068,Normal,1.1020075548305905,0.4867738817773082
-0.7906109360765298,-0.04032434854634273,Normal,1.0412997548334695,0.40141586814617464
1.6804232477521213,-0.9679482654972869,Normal,1.224778969246077,0.5087904868742926
-1.278793755647139,0.3430712465491538,Normal,1.0976698667739775,0.44780208087626405
0.17240688148324326,-0.7140732586826012,Normal,0.9736684319916353,0.39915064859178956
0.09739351220435025,-0.18735211426326637,Normal,0.9901880400549506,0.38351164415006955
-1.4551516377766889,-1.0183972287405307,Anomaly,1.0665364459995312,0.4973231383137726
-0.11134877937199879,1.3333408513143568,Normal,1.0582649048251636,0.4622838281826685
-0.4645100148070759,-1.6288908383803986,Normal,1.1949410971993843,0.4954612720572532
3.630522382670054,3.131559641322328,Anomaly,1.141372087390699,0.6878980809611498
0.6861280735494081,0.13749777589949094,Normal,0.980775341292207,0.3928074075412362
1.4978229567963417,0.7962353720395042,Normal,1.11582434715373,0.49713356615002274
0.7984741234189302,0.6392148321796487,Normal,1.1215054277103236,0.4264171757282157
-0.2832253610229539,-0.2978489585724482,Normal,0.9804136324496012,0.38457607194928356
0.4103684402513559,-0.2728495091116995,Normal,1.0033103702052895,0.3945306622546296
-0.7356081936963603,-1.5608203264235663,Normal,1.1027502069890065,0.49190988765153726
0.4004825755800522,-1.5253457840912976,Normal,1.0891032268177105,0.4802822931752383
-0.3042947376197449,1.1758171454978137,Normal,1.0060319988070157,0.46304476504552744
1.679550004862993,0.8620083430332489,Normal,1.2643144101788846,0.521947250444995
-0.4857608080699879,0.07699269026708373,Normal,0.9710486451334107,0.3832511597025619
-0.4071777288275862,-0.27327965968210205,Normal,1.0010360509387453,0.3919180987619643
0.3157699524374005,-0.1382469364772946,Normal,1.0242102446765116,0.388962358470662
0.4367231352219911,0.04045560626101183,Normal,1.0025744412325113,0.3888207405090439
-0.0934963113787904,-0.8310343142198238,Normal,0.9924743115580522,0.39870837756912086
-0.07111590517042435,-0.128987078224133,Normal,0.9817024085080377,0.3778833872302811
0.7027804769045318,-0.3429868764755354,Normal,1.0054070956811745,0.40524112512958643
4.882921014152938,-2.151202586562387,Anomaly,4.755654012661911,0.7343718209461235
-0.31261775996521296,-0.8261599926626559,Normal,0.9660063476435317,0.40231067893299766
-0.033257213973921035,-1.0286043534080058,Normal,0.9997927541318393,0.41214275967673075
0.14917318471843277,-1.1361699476213096,Normal,1.025091261461767,0.4282905926530453
0.5346071154511907,-0.4093688470762215,Normal,1.0080557249132271,0.4032330433021079
0.9252678923100145,-0.055300265597845094,Normal,1.0504584369783714,0.4210185601755501
1.2981128626770084,-0.3687536827088031,Normal,1.0471572327250898,0.4445172035553503
0.4688604088200331,1.629794785417901,Normal,1.0590710381031367,0.5002613336821804
-0.3181932248933797,-1.9604689321422784,Normal,1.315017741648343,0.5441016546344214
-0.9258162867445767,0.2956939173530211,Normal,0.9852700473574941,0.41456107756078486
-0.48148429054421427,-1.3918240367542756,Normal,1.0695520784593255,0.45590340299531934
-0.07417394214142628,-1.1643824846706845,Normal,0.9954683141741751,0.4241046914139599
0.0951408915415444,-1.7512638654494577,Normal,1.1850601826501037,0.49979350734222594
0.2704594212081549,1.3994649933524452,Normal,1.0396611312942892,0.4669017035154071
-0.657133200931083,1.1084086286367065,Anomaly,1.058505171459624,0.46117272469418813
0.8644654591477031,-0.9457345449181094,Normal,1.0765521459400436,0.44506717163831155
1.2001168347255227,0.5740391353528872,Normal,0.9880826905339782,0.4468224289393417
-0.7446113281273692,-1.110364588792493,Normal,0.9938976560116398,0.4461107104698174
-0.03204170897839814,-0.6297642640918533,Normal,0.9941221860768075,0.38473645026105785
-0.19642657972284633,-0.8931678999612865,Normal,0.9786027806307305,0.40580559445620235
0.07246936966279578,0.08999484195026156,Normal,1.0342189760315745,0.37808407640137554
-0.232615109689861,-0.7172525949196586,Normal,0.9990629338245899,0.39338855922879834
0.2587058455323803,-0.6333182970817717,Normal,0.9993683545947227,0.39075244352752
-0.16731774766105004,-0.09443288682131906,Normal,1.0124791571075087,0.38415013219551286
-0.9763320864799826,-1.6906553010513536,Normal,1.1329496164712796,0.5194491338549593
-1.1465223096534225,-0.6667255742265575,Normal,1.0552783071766934,0.4553880853664272
0.28361061083667016,0.44770853325784277,Normal,0.9955131343939353,0.3904164826714861
0.09047280051463398,-1.32833640074217,Normal,0.9946132363471992,0.43570501833479236
0.7705255108978247,-0.4566371776296047,Normal,0.9830028463709721,0.41643634759370063
-1.4189943785469727,-0.5349785223855342,Normal,1.0213040228686678,0.4636880670743038
-0.23062087067379633,0.6009254087358791,Normal,1.0324054166631307,0.4032538200013444
-0.1231422444444148,0.2739797575341521,Normal,0.9820776348215944,0.380288376333388
0.22288104663295644,0.3413146111107444,Normal,1.0177688283018695,0.38950527410033414
-1.5223567287353372,-0.7575559647022846,Normal,1.0515285635594815,0.4917127458847009
-0.5366012445640984,-0.5725807824871217,Normal,1.0365098477610817,0.3997867100944557
0.9757005349554279,-0.0924854936972337,Normal,0.9988580641492837,0.41485999354379116
-1.434935629146653,0.6100742919284146,Normal,1.0429095428854904,0.47887642110691403
-0.6972916451549752,-0.2812131397537694,Normal,0.9845552028122286,0.4037207752697531
0.1638062475006516,0.09972495981630457,Normal,1.0139539069211778,0.38625036713732286
0.5610779877846971,0.19688464134677663,Normal,0.9586016058895993,0.38707495426726035
1.2014824853938775,-0.0500125348740751,Normal,0.9999548654616959,0.4383567531343328
1.2954645740446735,0.9476793734173583,Normal,1.0966568844744804,0.4883174628769414
-0.39537350477941946,0.038904723851689166,Normal,1.0016696892245847,0.38889753906331154
0.7192026432842172,-0.524519367143181,Normal,0.985163817630579,0.41618079110633804
-0.12531660870689867,0.43300542251542545,Normal,0.9996677699627788,0.39011895727768386
0.49659789386151654,-0.5018985251337206,Normal,1.0088785355437406,0.40465220891652043
-0.29177809944862787,0.6655936269407863,Normal,1.0068108775532618,0.4126212652890259
-0.053884183841691496,-0.7286928002764829,Normal,0.9872720815910412,0.3905290284920397
0.9253901024468468,-0.48683387665812283,Normal,0.9731809732244665,0.4265561598942457
0.6502693648387073,-0.2381890645421909,Normal,1.021080687648379,0.40605246377040227
0.3418142185368559,-3.44664151842594,Anomaly,2.809282046325092,0.6464675092354789
2.2902278852842266,2.418951843271834,Anomaly,1.4525110772129426,0.6577557722889341
-0.8996504734789577,0.23100944178570654,Normal,0.9835810979702344,0.41001568005164823
0.45885072490902856,0.22312969170742444,Normal,0.9685906217987993,0.3858014864493581
-0.05844869925142848,0.9183613083031327,Normal,0.9845726181880151,0.422850938519642
1.1314987417717628,-0.5685026392354724,Normal,1.0397454000161643,0.4326477540959365
-2.266615349478385,0.6416590036170229,Normal,1.5646987944721542,0.5970929478140852
0.911473887635594,-0.10136110878301781,Normal,1.035158023919785,0.4171964864431076
-0.9936923073325123,-0.3550076834855164,Normal,1.0112200475152417,0.41732773079515767
1.351400536683324,-0.5547065574565826,Normal,1.0813745224821767,0.45362196407904637
-0.6293345224513397,-1.173431008843209,Normal,0.998903837095335,0.44153461539467626
0.06177728784453983,-1.246298594138802,Normal,1.0174929392111185,0.42886167256168245
-0.654239422311004,0.6880712348715097,Normal,1.0268891618408167,0.4293935610181484
0.044084561309378344,-0.3806260136306757,Normal,0.9993183167525096,0.3819945822383176
0.6227015244846688,0.5445204454116437,Normal,1.091264687573171,0.413187314505175
-1.8972008497465112,-0.5983136746699985,Normal,1.1856965985933825,0.5362403523740362
-0.2804732648457591,0.45020172448005563,Normal,1.0561330257716166,0.39619194312774675
-0.14666559562579778,0.38946773639411586,Normal,0.9928896261910621,0.3861488425152816
-0.20054318281477196,0.656578020910675,Normal,0.9993407862862634,0.4087380333819913
-0.3692566380837537,-0.4341461674644974,Normal,1.0060544439242638,0.3940710057231831
0.1535438871194518,0.5555148335387459,Normal,1.0000484222458386,0.3993986270905
-1.127938627246232,0.463703531466579,Normal,1.027735544746895,0.4416384861294652
1.2432019041533258,-0.016579889781234477,Normal,1.014000237824614,0.44126362628884064
-0.4757766834933939,-0.7929138875281286,Normal,0.9982561860615163,0.40625770704226993
-1.9228169313957435,-0.6878306057967409,Normal,1.2244797708545883,0.5483940325794773
-0.46479346178991915,0.5790058481962402,Normal,1.0087055694892513,0.4084683196467505
0.5960670008891503,-1.1181114695429415,Normal,1.0231913144148277,0.4452978496618975
1.0093718004558954,-0.5852472390402693,Normal,1.0224443198201163,0.42821699247305123
0.35567754458345585,-0.31827986663870544,Normal,0.9965229632478172,0.3930802968266857
-0.19239429055286114,-0.8778997377615468,Normal,0.9776422924222852,0.40592633152057844
2.0774893743817597,-0.5364387699122911,Normal,1.2365769538801945,0.5501684846954289
0.07078323055501595,1.0096625194266367,Normal,0.9982628154744593,0.4286554536147053
0.8621938366261414,0.8448530059431982,Normal,1.0798174642665945,0.447619377463156
0.17980582875671855,0.5463115478061209,Normal,1.0003946087560327,0.40700438322935906
2.6528329989020745,3.033924822363874,Anomaly,1.0811622096506681,0.6680794866461103
1.899989931325098,0.2066615570725875,Normal,1.2449543095485653,0.5295986765728284
-1.1777861593489445,1.3013685154723529,Normal,1.086063560379075,0.5156618116979512
-0.9587000621510255,1.381210249702429,Normal,1.0373663643556132,0.5101710924625815
0.3563632946436916,0.03480521110658532,Normal,1.0101047012700357,0.3888959507887768
-1.0157962956710052,-0.4399079114846839,Normal,1.0425565284522436,0.42217424656819125
0.39434137421312276,-0.04847629139851445,Normal,1.0221920354458671,0.39740536463897264
-0.025289099222487118,-1.255170328509032,Normal,1.0068684169803759,0.42768250460756696
-0.5577182368098543,1.4029717000849218,Normal,1.0959073266887234,0.49541766636613666
-0.16865662222148206,-0.27335475078821714,Normal,0.9719803938471635,0.3834402328897714
-1.1776793244448005,0.5919178528445371,Normal,1.0338647888696282,0.45688044904673614
-0.11270377284297636,-1.0492748863811405,Normal,1.0176042833761236,0.42043481737117677
0.019826790511167106,0.3040499519492544,Normal,0.9749081545406092,0.3780906328155004
3.2111474139718057,3.0797068536536214,Anomaly,1.101407499806556,0.6652257011248999
3.438912714177193,3.0992053563537127,Anomaly,1.110463944545698,0.6661264756507985
0.20020321826301268,0.6748064989329491,Normal,0.9968412061476123,0.4039486268542402
-0.18190409181955886,-0.3516941503524289,Normal,0.9877709750592135,0.3848052746414811
0.6619295090341533,-1.1918358225120544,Normal,1.0154874391073596,0.4490838240293872
0.7991966087609832,-1.3040668990837119,Normal,1.0263742441879609,0.46969543641950734
-0.11143685905759268,-0.2769272699002182,Normal,0.9807704256755059,0.3823691394460617
0.3540503191277719,0.9949130739265948,Normal,1.0140480060571133,0.4319345162837414
1.8825211711505387,-0.40133260826276335,Normal,1.1755065761123664,0.5164702967553485
-0.09928414494885776,-0.9156815930184561,Normal,1.0003641694935452,0.407587286911938
-1.0671192103393874,0.192494185885603,Normal,1.0018208197591414,0.4186934802314896
-0.018529991977813305,-1.3976637100818528,Normal,1.0313022449297564,0.43568825261820604
0.19413525080990568,-0.21423175184923554,Normal,1.0026829179224654,0.3873155176929796
-0.6041553063367483,-0.25992500207287883,Normal,0.999924170908761,0.39518061527223036
0.17572644845214203,-0.7160711837894373,Normal,0.9772368796819396,0.39777016971923934
0.19173345250347745,0.2296599808625282,Normal,0.9973743630150494,0.384814353996051
-0.3461742532300356,0.06662064629497312,Normal,1.0405003079732462,0.38558794126664203
-0.6613374617428216,1.3384728120458413,Normal,1.0515771834516694,0.48580074317310795
-0.8593814851054087,-1.2451642316245923,Normal,0.9872445136586725,0.4511646486796891
-1.1406121353033039,-1.1713137771790367,Normal,1.018341676337513,0.49075601819553893
0.6184828353704568,0.29828902948504465,Normal,0.9805900856581861,0.3948865126621073
0.7978618884154346,0.08241142037963486,Normal,1.0433066053895457,0.40250672114717895
-1.3471543872745289,-0.6883861212609718,Normal,1.0563507858907129,0.46320347311692817
0.5070443264912172,-0.4321939197835227,Normal,1.0037816825247927,0.4010962168065325
-0.3760215830296559,-0.40824936726620276,Normal,1.005098041091974,0.39517641142318766
-0.4927169899786787,-0.25886981461861475,Normal,1.0115626546081458,0.3910782895792186
0.1810253208641451,1.2590917199138305,Normal,1.037630254633139,0.4577288373516343
0.16473069177767408,1.559155069075053,Normal,1.079367728466675,0.49216269715798355
1.279141323445456,-0.5206365258278799,Normal,1.0790511479152278,0.4453469907135999
0.16796520246677119,-1.2003605533251265,Normal,1.031569807528344,0.43729037630766426
-0.2209238686619611,0.2152915335818602,Normal,0.9962471853340003,0.3827132352185114
-0.4545175115315873,-0.35818164034147215,Normal,1.0037885338925059,0.39161244700105224
-0.3929105975211215,-1.0098694604660248,Normal,1.0788172257351323,0.42522579207619865
-0.10129431225893773,-0.7103911754290405,Normal,0.9953816095826242,0.39258742117111145
-1.2623365149618644,-0.6972997810542023,Normal,1.0592126417757572,0.45693926140904484
-0.4149146454849097,0.027435562792776445,Normal,0.9895023822541203,0.3925350150044062
-0.17906530924639294,-0.28726162970299113,Normal,0.9705257528971017,0.3856123546794707
0.06117353130963192,0.24575715276564722,Normal,1.0005964506756304,0.3774875970518369
-0.3701196420451711,1.2324022608360088,Normal,1.0210272836870495,0.46914143822484417
0.6720291208823695,-0.1721747698655984,Normal,1.0289970648890314,0.40972539949197057
-0.13786335088159088,0.15475519982083819,Normal,0.9932230648990382,0.37886515613079536
1.5968049130190651,-0.08123512365914441,Normal,1.1118829549053602,0.47475266737663563
-0.57937006611364,0.3636625217964114,Normal,1.0064735225435046,0.3935722668180485
-0.6858070389372923,-0.1544307055281578,Normal,1.025898137013427,0.4010217711202501
-0.6617903511300353,0.3822345777390573,Normal,1.0181280428642467,0.4037765225296609
1.2966897914385767,0.2550791299899028,Normal,0.9995123682789323,0.4376373307256673
-0.3473976161626077,-0.71436702596345,Normal,0.9804190856042074,0.4034219483534694
0.37760833411805383,-0.8498647441265071,Normal,1.075361639565508,0.4126659111348898
0.8219223326174934,-1.5237189539584894,Normal,1.0685707452243485,0.49730756330729664
0.14536658749975806,0.29945571238914215,Normal,1.0063669812954803,0.38411815831813373
0.23218847890665342,-0.4258566024960349,Normal,0.9833235065717763,0.3916890299671504
0.6269076449709619,-0.7979307770415872,Normal,1.0289068653853024,0.4212758200726249
-0.6940936002351592,-2.0168172427420896,Anomaly,1.2744373010763548,0.569341325451446
1.4012151048654997,0.04954280505524864,Normal,1.0503252769705225,0.45407995709924004
-1.1035789823792632,0.6294648596626397,Normal,1.0307815975220898,0.44716192078583966
1.8959962721947188,-1.610979996983333,Normal,1.656000143077793,0.5946493006480399
0.10857258517759434,-0.09946406101646992,Normal,1.0130602378475801,0.38391435828512194
-0.5484699243298614,-0.02040081278143272,Normal,0.9828818601065263,0.38895885676854763
-1.3873418747218742,-0.6659238248075999,Normal,1.0382576939740273,0.4637329480765341
0.9485338320282012,-0.7664533607541361,Normal,1.0476445456766483,0.4349991559096838
-0.3049747055310384,-1.3182043263450793,Normal,1.148236762888473,0.4431911074811494
-4.621534995114029,-1.629762054553666,Anomaly,4.012390626137484,0.7181802464914847
4.648197394527342,-1.1759456766458933,Anomaly,3.925688834119826,0.6817399646291933
-0.10442330726013478,0.547943052678807,Normal,1.002038055310739,0.39753677373723484
-0.8169170476595512,0.4535011912729365,Normal,1.0281607321443686,0.42088573751426034
-0.5548613727126839,1.9473534142944218,Normal,1.3087792600766999,0.5544656255760753
-0.7826000278188734,1.572813194473718,Normal,1.0938468561748536,0.5126565639169164
-0.6058700851523826,-1.2406272461462096,Normal,1.0006787233599443,0.4407671510475998
1.1055952136441196,0.3389231634991461,Normal,0.9957336808463694,0.42813247244783886
-1.0283974166691694,-0.2823982247115339,Normal,1.0479383937257034,0.42123664177239
-1.4088349631023203,-0.0544604315495066,Normal,1.118361022720716,0.4506590613849043
-0.5535335721754497,-0.6496137328349142,Normal,1.0116250009626835,0.40151563040811694
3.634624838755407,3.6045864733488564,Anomaly,1.1353787774206814,0.7151436823911509
-1.1092728863996262,-0.3785477346294627,Normal,1.049539006037032,0.43153290426201363
0.7406564558648564,0.22231102280166332,Normal,0.9871895321718289,0.3965887359014331
-0.2310009367936747,-0.09706262154109543,Normal,1.019922917142201,0.3808405080503191
-0.5359677412339763,0.3031080767760448,Normal,0.9996551383851285,0.39297005009344665
-1.3472093253350856,0.810056348777835,Normal,1.0496434527348657,0.4836915656496128
-0.46202951849256707,-0.8210224501591006,Normal,0.9935377385181277,0.405513224932585
2.157191117493955,1.5919780002166302,Anomaly,1.9919922534372059,0.6204617009455112
-0.2635406934359071,-0.9033394219639462,Normal,0.9765158557266472,0.40789480928550276
-0.10655048907498517,1.3154053024027814,Normal,1.0356752348366434,0.4603653462175069
1.1005210483447225,0.34382696798481016,Normal,0.9928960792779666,0.4274027588633585
-1.863064751840253,1.2544614862488266,Normal,1.3483654388131046,0.5828827740221008
0.3632320821467693,0.12920403245580528,Normal,0.9926049953837648,0.38383232999424166
-0.11520286589552706,0.7775304348473691,Normal,0.9856587566559097,0.4133673598320597
1.2675010094468582,-0.5299992678475188,Normal,1.0678543130398037,0.44299505977936743
0.0019032499794301183,0.4945702959153194,Normal,0.997158565172174,0.38351042251254447
-0.11294036775446417,1.3142386444955854,Normal,1.0344319103567101,0.46197115905659447
-1.1383875757982067,-0.5859651592262195,Normal,1.0612393728565939,0.4480681952930894
-0.6353215667759925,-0.7521864122882868,Normal,1.0339066841116216,0.41028616269233964
0.13903607639131516,-0.8367127809962153,Normal,1.0311834931743444,0.4011969157389691
-0.48290760035435953,0.16902038505842967,Normal,0.9973730120787205,0.3875960435434685
0.3573272310856743,0.30352499554628093,Normal,0.9965454284701629,0.38776602254400994
0.7685904755127259,-0.7180967995745933,Normal,0.9831719374087349,0.4249123712871889
0.20917429192877104,1.3989624780717191,Normal,1.0377190377102898,0.46666673000155884
0.5390942884217886,-0.06782154726353393,Normal,1.0623561210506347,0.39791769667814114
-1.0834662445824215,-1.558487218847499,Normal,1.0875065653304383,0.5104687454450653
-0.2873247820467923,-0.8393235894385862,Normal,0.970630175672475,0.4018480765159927
1.7314076960046918,0.7205736299423653,Normal,1.259691016018787,0.5247986234479818
-1.4462531618628636,-0.59152181929002,Normal,1.0275439883748108,0.4603771246612487
-1.38207920484371,-0.4989417315466016,Normal,1.0341381548735065,0.461654288567344
1.7579349956374943,-0.7265816088243215,Normal,1.1858798926615304,0.5185705818766483
1.5424832741942376,-0.15836394875987142,Normal,1.0999522408454132,0.4681481631395452
-0.013061683239091867,-0.18910218134451823,Normal,0.9776613371919414,0.38167454566368714
-1.295721083998885,-1.5253828132679044,Normal,1.1501233516843201,0.5282726353542955
0.014031389033605934,0.4228028677328483,Normal,0.9824459467743379,0.38295327716855115
-3.3722523124095645,-0.25854278526804136,Anomaly,2.2399021675078674,0.6729124352945841
-0.19524944022314844,-0.04779566246870106,Normal,1.0067377179356831,0.3869296808729156
0.3416627688492789,-0.22076171135610495,Normal,1.0106106387738956,0.3953852903294046
-0.015792681315925622,-1.716259824215537,Normal,1.1828672973893573,0.4847624987556569
0.2107665610310653,-1.5271769444256753,Normal,1.0698513204230522,0.4674515209543865
0.4579999921426884,1.7161813569316844,Normal,1.0851282310332775,0.5187986937542829
0.0021760444130299204,-0.5144130932045367,Normal,0.9976250199531632,0.3863375587042291
-0.6713905305910469,1.7015016142562394,Normal,1.1814622417043206,0.5239874429224921
-0.08821598043501862,0.5646067482254244,Normal,1.0047383582351714,0.3968679009823121
-0.35802176276199216,1.5602382848864544,Normal,1.1243724129960202,0.5053216878543304
-0.3129238846634062,-0.9993009236808248,Normal,1.0477071637902493,0.4195275245256116
